<?xml version="1.0"?>
<!DOCTYPE hibernate-mapping PUBLIC "-//Hibernate/Hibernate Mapping DTD 3.0//EN" "http://hibernate.sourceforge.net/hibernate-mapping-3.0.dtd">

<hibernate-mapping default-lazy="false" auto-import="false">
	<import class="com.tdss.aaa.model.Customer" />
	<import class="com.tdss.aaa.model.Services" />
	<class name="com.tdss.aaa.model.impl.CustomerImpl" table="TDSS_Customer">
		<cache usage="read-write" />
		<id name="customerId" type="long">
			<generator class="assigned" />
		</id>
		<property name="uuid" type="com.liferay.portal.dao.orm.hibernate.StringType" column="uuid_" />
		<property name="groupId" type="com.liferay.portal.dao.orm.hibernate.LongType" />
		<property name="companyId" type="com.liferay.portal.dao.orm.hibernate.LongType" />
		<property name="userId" type="com.liferay.portal.dao.orm.hibernate.LongType" />
		<property name="userName" type="com.liferay.portal.dao.orm.hibernate.StringType" />
		<property name="createDate" type="org.hibernate.type.TimestampType" />
		<property name="modifiedDate" type="org.hibernate.type.TimestampType" />
		<property name="customerName" type="com.liferay.portal.dao.orm.hibernate.StringType" />
		<property name="customerEmail" type="com.liferay.portal.dao.orm.hibernate.StringType" />
		<property name="customerContact" type="com.liferay.portal.dao.orm.hibernate.StringType" />
		<property name="customerAddress" type="com.liferay.portal.dao.orm.hibernate.StringType" />
		<property name="customerNRC" type="com.liferay.portal.dao.orm.hibernate.StringType" />
		<property name="customerPayment" type="com.liferay.portal.dao.orm.hibernate.StringType" />
		<property name="servicesId" type="com.liferay.portal.dao.orm.hibernate.LongType" />
	</class>
	<class name="com.tdss.aaa.model.impl.ServicesImpl" table="TDSS_Services">
		<cache usage="read-write" />
		<id name="servicesId" type="long">
			<generator class="assigned" />
		</id>
		<property name="uuid" type="com.liferay.portal.dao.orm.hibernate.StringType" column="uuid_" />
		<property name="groupId" type="com.liferay.portal.dao.orm.hibernate.LongType" />
		<property name="companyId" type="com.liferay.portal.dao.orm.hibernate.LongType" />
		<property name="userId" type="com.liferay.portal.dao.orm.hibernate.LongType" />
		<property name="userName" type="com.liferay.portal.dao.orm.hibernate.StringType" />
		<property name="createDate" type="org.hibernate.type.TimestampType" />
		<property name="modifiedDate" type="org.hibernate.type.TimestampType" />
		<property name="servicesName" type="com.liferay.portal.dao.orm.hibernate.StringType" />
		<property name="servicesPrice" type="com.liferay.portal.dao.orm.hibernate.StringType" />
		<property name="servicesDesc" type="com.liferay.portal.dao.orm.hibernate.StringType" />
	</class>
</hibernate-mapping>