<?xml version="1.0" encoding="UTF-8"?>
<!DOCTYPE resource-action-mapping PUBLIC "-//Liferay//DTD Resource Action Mapping 6.2.0//EN"
"http://www.liferay.com/dtd/liferay-resource-action- mapping_6_2_0.dtd"> 

<resource-action-mapping>
<!-- Give permission to Pizza Portlet -->
	<portlet-resource>
		<portlet-name>tdssservice</portlet-name>
		
		<permissions>
			<supports>
				<action-key>ADD_TO_PAGE</action-key>
				<action-key>CONFIGURATION</action-key>
				<action-key>VIEW</action-key>
			</supports>
			
			<site-member-defaults>
				<action-key>VIEW</action-key>
			</site-member-defaults>
			
			<guest-defaults>
				<action-key>VIEW</action-key>
			</guest-defaults>
			
			<guest-unsupported></guest-unsupported>
		</permissions>
	</portlet-resource>
	
<!-- Give Permission to Pizza Package -->
	<model-resource>
		<model-name>com.tdss.aaa.model</model-name>
		<portlet-ref>
			<portlet-name>tdssservice</portlet-name>
		</portlet-ref>
		
		<permissions>
			<supports>
				<action-key>ADD_SERVICES</action-key>
			</supports>
			
			<site-member-defaults>
			</site-member-defaults>
			
			<guest-defaults>
			</guest-defaults>
			
			<guest-unsupported>
				<action-key>ADD_SERVICES</action-key>
			</guest-unsupported>
		
		</permissions>
	</model-resource>
	
<!-- Give Permission to Pizza Entity -->
	<model-resource>
		<model-name>com.tdss.aaa.model.Services</model-name>
		<portlet-ref>
			<portlet-name>tdssservice</portlet-name>
		</portlet-ref>
		
		<permissions>
			<supports>
				<action-key>ADD_SERVICES</action-key>
				<action-key>UPDATE</action-key>
				<action-key>DELETE</action-key>
				<action-key>PERMISSIONS</action-key>
				<action-key>VIEW</action-key>
			</supports>
			
			<site-member-defaults>
				<action-key>VIEW</action-key>
			</site-member-defaults>
			
			<guest-defaults>
				<action-key>VIEW</action-key>
			</guest-defaults>
			
			<guest-unsupported>
				<action-key>UPDATE</action-key>
				<action-key>DELETE</action-key>
				<action-key>PERMISSIONS</action-key>
			</guest-unsupported>
		
		</permissions>
	</model-resource>
</resource-action-mapping>
